{"cameraMode":{"drawMode":0,"name":"Shaded","section":"Shading Mode"},"sceneLighting":true,"audioPlay":false,"sceneViewState":{"showFog":true,"showMaterialUpdate":false,"showSkybox":true,"showFlares":true,"showImageEffects":true,"showParticleSystems":true},"in2DMode":false,"pivot":{"x":-7.29239559173584,"y":-7.388867378234863,"z":9.76803207397461},"rotation":{"x":-0.590377688407898,"y":-0.002602222841233015,"z":0.002011713106185198,"w":-0.8071718215942383},"size":6.41194486618042,"orthographic":true}