{"cameraMode":{"drawMode":0,"name":"Shaded","section":"Shading Mode"},"sceneLighting":false,"audioPlay":false,"sceneViewState":{"showFog":true,"showMaterialUpdate":false,"showSkybox":false,"showFlares":true,"showImageEffects":true,"showParticleSystems":true},"in2DMode":false,"pivot":{"x":-0.010828077793121338,"y":2.852550745010376,"z":0.1350499987602234},"rotation":{"x":-0.14992296695709229,"y":0.7691814303398132,"z":-0.19558516144752503,"w":-0.589605450630188},"size":3.1403889656066896,"orthographic":true}